AoA,CL,CD
0,0.001159,0.008636
2,0.518323,0.039034
4,0.920748,0.100539
6,1.184500,0.168626
8,1.365315,0.238351
10,1.490346,0.307520
