{
  "MAE": 0.023883996568684108,
  "RMSE": 0.03582613954380304,
  "MAPE": 28.061849223060502,
  "R2_per_output": [
    0.9333122502682331,
    0.9750117396822472,
    0.9566847491483589
  ],
  "R2_mean": 0.9550029130329464,
  "training": {
    "epochs": 20,
    "best_val_loss": 0.043338121846318245,
    "final_test_r2": 0.9627208709716797
  }
}